Ticker,Date,Time,Headline
DELL,Aug-31-24,10:30AM,dell technologies inc dell this ai stock is trending right now
DELL,Aug-30-24,04:40PM,these stocks moved the most today intel super micro dell nvidia marvell ulta beauty mongodb elastic and more
DELL,Aug-30-24,04:36PM,heard on the street dell shows ai isnt a loss leader
DELL,Aug-30-24,04:17PM,ai computer sales fuel dells betterthanexpected q2 results
DELL,Aug-30-24,02:25PM,these stocks are moving the most today intel super micro dell nvidia marvell ulta beauty mongodb elastic and more
DELL,Aug-30-24,12:51PM,super micros red flags are stop sign for cautious dip buyers
DELL,Aug-30-24,10:32AM,dell rises on revenue beat fueled by demand for ai servers
DELL,Aug-30-24,09:52AM,dell rises on earnings beat fueled by ai demend
DELL,Aug-30-24,09:23AM,q2 2025 dell technologies inc earnings call
DELL,Aug-30-24,08:14AM,secureworks stock drops as dell weighs strategic sale options
DELL,Aug-30-24,07:43AM,5 things to know before the stock market opens
DELL,Aug-30-24,07:36AM,pce data lululemon revenue misses yahoo finance
DELL,Aug-30-24,07:30AM,dell shares jump as ai server demand boosts results forecasts
DELL,Aug-30-24,07:00AM,fed soft landing plans in focus amid consumer slowdown what retail earnings revealed and 5 other things to know today
DELL,Aug-30-24,05:41AM,artificial intelligence ai stocks are soaring in price here are 2 bargains
DELL,Aug-30-24,05:20AM,dell stock jumps ai server demand booms but there are production concerns
DELL,Aug-30-24,04:35AM,dell technologies weighing sale of secureworks
DELL,Aug-29-24,06:00PM,dell technologies dell q2 earnings taking a look at key metrics versus estimates
DELL,Aug-29-24,05:25PM,dell technologies dell q2 earnings and revenues top estimates
DELL,Aug-29-24,05:07PM,dell stock rises after company reports strongerthan expected earnings ai server surge
DELL,Aug-29-24,04:57PM,dell stock rises on strong earnings ai server demand is booming
DELL,Aug-29-24,04:26PM,dell soaring on q2 earnings beat server sales growth
DELL,Aug-29-24,04:20PM,dell technologies fiscal q2 earnings snapshot
DELL,Aug-29-24,04:07PM,dell raises annual forecasts on strong ai server demand
DELL,Aug-29-24,04:05PM,dell technologies delivers second quarter fiscal 2025 financial results
DELL,Aug-29-24,02:59PM,exclusivedell attempts to sell cybersecurity firm secureworks again sources say
DELL,Aug-29-24,07:56AM,5 things to know before the stock market opens
DELL,Aug-28-24,07:33PM,analysts revise dell stock price target ahead of earnings
DELL,Aug-28-24,05:00PM,the case for super micros pain being a gain for dell technologies
DELL,Aug-28-24,04:16PM,hp prints an earnings miss ceo weighs in on ai pcs and cost cuts
DELL,Aug-28-24,04:06PM,smci stock plunges as super micro computer delays 10k filing
DELL,Aug-28-24,03:50PM,heard on the street super micros ai boom gets more scrutiny
DELL,Aug-27-24,05:09PM,what nvidias earnings could mean for these ai stocks
DELL,Aug-27-24,09:50AM,why dell technologies dell is a top momentum stock for the longterm
DELL,Aug-26-24,05:30PM,dell technologies to present at investor conferences in september
DELL,Aug-26-24,03:53PM,what you need to know ahead of dell technologies earnings report
DELL,Aug-26-24,09:15AM,curious about dell technologies dell q2 performance explore wall street estimates for key metrics
DELL,Aug-24-24,02:37PM,2 top tech stocks to buy in august
DELL,Aug-23-24,05:22PM,nvidia earnings july pce feds bostic what to watch
DELL,Aug-23-24,07:07AM,2 stocks down 51 and 43 that i just made huge investments in
DELL,Aug-22-24,10:00AM,dell technologies dell reports next week what to know ahead of the release
DELL,Aug-21-24,04:35PM,analyst report dell technologies inc
DELL,Aug-21-24,09:30AM,is it worth investing in dell technologies dell based on wall streets bullish views
DELL,Aug-21-24,07:21AM,nvidia eyes return to record as ai spending bonanza continues
DELL,Aug-21-24,02:20AM,15 most powerful islamic countries in the world in 2024
DELL,Aug-20-24,07:05PM,dell technologies inc dell a tech stock to monitor amid market volatility according to stacy rasgon
DELL,Aug-20-24,04:07PM,dell technologies inc dell an ai stock you should not miss
DELL,Aug-20-24,09:40AM,is dell technologies dell stock outpacing its computer and technology peers this year
DELL,Aug-20-24,09:40AM,why dell technologies dell is a top value stock for the longterm
DELL,Aug-19-24,04:20PM,heard on the street amds server plans ease fears for dell super micro
DELL,Aug-19-24,03:41PM,dell technologies inc dell this ai stock is trending right now
DELL,Aug-19-24,02:11PM,16 most profitable industries in the us in 2024
DELL,Aug-19-24,01:02PM,amd deal shows ai chip business isnt just about chips
DELL,Aug-18-24,02:20AM,5 big analyst ai moves dell new top pick at jpmorgan qcom snow downgraded
DELL,Aug-16-24,05:45PM,why dell technologies dell outpaced the stock market today
DELL,Aug-16-24,02:30PM,amazon uber datadog and 3 ai stocks to buy right now
DELL,Aug-16-24,07:55AM,why dell stock was crushing the market this week
DELL,Aug-16-24,07:45AM,5 things to know before the stock market opens
DELL,Aug-15-24,05:00PM,dell technologies to hold conference call aug 29 to discuss second quarter fiscal 2025 financial results
DELL,Aug-15-24,04:49PM,dells stock price surged 25 in just over a weekheres why
DELL,Aug-15-24,04:49PM,dells stock price surged 25 over the last week heres why
DELL,Aug-15-24,04:05PM,heard on the street cisco was primed for an ai bounce
DELL,Aug-15-24,08:48AM,dell technologies inc dell an important ai stock you should pay attention to
DELL,Aug-15-24,07:36AM,dell stock jumps after being named new top pick at jpmorgan
DELL,Aug-14-24,06:41PM,analyst report dell technologies inc
DELL,Aug-14-24,03:00PM,court upholds blockbuster 267 million legal fee award in dell lawsuit
DELL,Aug-14-24,09:44AM,receding ai stock euphoria has bulls seeing some opportunities
DELL,Aug-13-24,04:03PM,dell stock rises following barclays upgrade to equal weight
DELL,Aug-13-24,01:57PM,final trades  ibm dell technologies and meta platforms
DELL,Aug-13-24,01:09PM,dell stock gets an upgrade why this analyst isnt allin yet
DELL,Aug-13-24,10:14AM,cramers mad dash dell technologies
DELL,Aug-13-24,09:00AM,dell technologies inc dell is attracting investor attention here is what you should know
DELL,Aug-13-24,04:44AM,dell technologies inc dell leading the charge in ai and storage innovation
DELL,Aug-12-24,09:03PM,analyst updates dell stock price target ahead of earnings
DELL,Aug-12-24,09:03PM,analyst updates dell price target ahead of earnings
DELL,Aug-12-24,10:41AM,cisco and dell are set to benefit from ai why that means job cuts
DELL,Aug-09-24,05:45PM,dell technologies dell beats stock market upswing what investors need to know
DELL,Aug-09-24,06:20AM,marjorie taylor greene just loaded up on stocks 6 she just bought
DELL,Aug-08-24,04:27AM,2 dividend stocks to double up on right now
DELL,Aug-08-24,02:23AM,heres why dell stock dropped 20 last month
DELL,Aug-07-24,04:26PM,heard on the street super micro serves up more worries about ai margins
DELL,Aug-07-24,08:19AM,is it too late to buy dell stock
DELL,Aug-06-24,04:35AM,dell cuts jobs as part of sales team restructuring creates aifocused unit
DELL,Aug-05-24,06:39PM,analyst report dell technologies inc
DELL,Aug-05-24,04:05PM,heard on the street nvidias slip makes a splash
DELL,Aug-05-24,01:00PM,dell cuts workers in sales team reorganization with new aifocused unit
DELL,Aug-05-24,09:30AM,is dell technologies dell a buy as wall street analysts look optimistic
DELL,Jul-31-24,10:01AM,stocks to watch wednesday nvidia starbucks boeing pinterest
DELL,Jul-30-24,09:00AM,dell technologies inc dell is attracting investor attention here is what you should know
DELL,Jul-30-24,07:51AM,jim cramer says you should absolutely buy dell technologies inc nysedell
DELL,Jul-29-24,09:45AM,jim cramers latest portfolio top 10 calls before august
DELL,Jul-26-24,05:45PM,why dell technologies dell outpaced the stock market today
DELL,Jul-26-24,10:12AM,dell technologies inc dell the best it services stock to buy according to hedge funds
DELL,Jul-26-24,07:25AM,3 recordbreaking stocks with more upside ahead
DELL,Jul-25-24,01:25PM,ai infrastructure plays are the way to go analyst
DELL,Jul-24-24,06:20AM,the 3 best nextgen display stocks to buy now
DELL,Jul-23-24,04:38PM,3 top pc stocks to buy in july 2024
DELL,Jul-23-24,03:26PM,dell stock buy alert a double play on ai and pc market recovery
DELL,Jul-22-24,05:30PM,dell technologies to hold investor conference call july 31 to discuss its corporate sustainability strategy
DELL,Jul-22-24,09:40AM,are investors undervaluing dell technologies dell right now
AMZN,Aug-31-24,09:11AM,rivian automotive inc rivn jim cramers goto stock for success
AMZN,Aug-31-24,09:00AM,amazon trashtalks google and microsoft apples next move teslas robot underwhelms tech news roundup
AMZN,Aug-31-24,05:15AM,3 incredible faang stocks youll want to consider adding to your portfolio in september
AMZN,Aug-31-24,05:05AM,warren buffetts ai bets 293 of berkshire hathaways 316 billion stock portfolio is held in these 2 artificial intelligence ai growth stocks
AMZN,Aug-31-24,04:45AM,should you buy the only magnificent seven stock that is cheaper than the sp 500 according to this key metric
AMZN,Aug-31-24,04:00AM,is plug power about to turn the corner
AMZN,Aug-30-24,11:49PM,amazon to hire covariant founders to expand warehouse automation
AMZN,Aug-30-24,06:25PM,amazon checkout crashes shoppers get error page with dogs
AMZN,Aug-30-24,05:08PM,stocks to watch in september
AMZN,Aug-30-24,01:10PM,drone companies are making huge leaps in regulatory approvalsthe path to scale will still be tough
AMZN,Aug-30-24,12:05PM,nvidia continues to lead the way but competition is intensifying
AMZN,Aug-30-24,10:31AM,new study looks at where 2024s consumers are shopping
AMZN,Aug-30-24,09:40AM,why amazon amzn is a top value stock for the longterm
AMZN,Aug-30-24,07:15AM,should investors buy the dip on amazon stock
AMZN,Aug-30-24,06:05AM,amazon may not have to worry about competing with temu if this is true
AMZN,Aug-30-24,05:40AM,down 26 from its 52week high is now the time to buy ups stock
AMZN,Aug-30-24,05:02AM,forget nvidia billionaire daniel loeb has 31 of his 87 billion portfolio in just 4 unstoppable artificial intelligence ai stocks instead
AMZN,Aug-30-24,04:46AM,forget the nasdaq  buy this magnificent etf instead
AMZN,Aug-30-24,04:40AM,3 stocks that outperformed the sp 500 during the great recession
AMZN,Aug-30-24,04:35AM,3 magnificent stocks that created many millionaires and will continue to make more
AMZN,Aug-30-24,04:04AM,exclusiveamazon turns to anthropics claude for alexa ai revamp
AMZN,Aug-30-24,01:00AM,the us wants to stop the krogeralbertsons merger its not the first supermarket under attack
AMZN,Aug-29-24,08:49PM,7 best fast money stocks to buy according to hedge funds
AMZN,Aug-29-24,07:40PM,amazon loses bid to overturn union loss
AMZN,Aug-29-24,04:36PM,walmart enables marketplace sellers to fulfill from thirdparty sites
AMZN,Aug-29-24,04:21PM,amazoncom inc nasdaqamzn alexa overhaul is coming
AMZN,Aug-29-24,03:24PM,amazon opens four new hightech grocery stores
AMZN,Aug-29-24,03:15PM,nvidia investors shouldve sold the stock a month ago strategist says
AMZN,Aug-29-24,02:46PM,discretionary stocks are set to rally why amazon and tesla hold the key
AMZN,Aug-29-24,02:44PM,meet motley fool analyst tim beyers
AMZN,Aug-29-24,02:34PM,controversial california bill to prevent ai disasters heads to newsom despite pushback from big tech
AMZN,Aug-29-24,12:00PM,an attractive longterm opportunity for amazoncom inc nasdaqamzn
AMZN,Aug-29-24,10:21AM,the biggest challenge for nvidia stock in one chart
AMZN,Aug-29-24,08:45AM,best stock to buy right now amazon vs costco
AMZN,Aug-29-24,07:54AM,amazon moves forward with satellite internet ambitions secures new zealand land for project kuiper
AMZN,Aug-29-24,07:00AM,new ftc rule targets fake reviews amazon already uses ai to combat them
AMZN,Aug-29-24,07:00AM,marjorie taylor greene just loaded up on stocks 6 companies she just bought
AMZN,Aug-29-24,06:15AM,if i could only buy 1 artificial intelligence ai semiconductor stock over the next decade this would be it hint its not nvidia
AMZN,Aug-29-24,05:30AM,nvidia cant escape shadow of ai spending fears
AMZN,Aug-29-24,04:55AM,india ecommerce payments to surge by 238 in 2024 forecasts globaldata
AMZN,Aug-29-24,04:14AM,the best warren buffett stocks to buy with 50000 right now
AMZN,Aug-29-24,03:30AM,is amazoncom inc amzn the best stock to buy according to hosking partners
AMZN,Aug-28-24,08:29PM,4 key takeaways from nvidias earnings call
AMZN,Aug-28-24,04:40PM,is amazon alexa the best ai assistant in 2024
AMZN,Aug-28-24,04:03PM,forget amazon and tesla this nonmagnificent seven stock dwarfs their gains
AMZN,Aug-28-24,03:42PM,google revamps controversial ai image generation tool after backlash
AMZN,Aug-28-24,03:23PM,aws parallel computing service is now generally available designed to accelerate scientific discovery
AMZN,Aug-28-24,02:55PM,big tech is under pressure today but so is the dow
AMZN,Aug-28-24,01:29PM,nvidia stock weighs on tech sector ahead of earnings
AMZN,Aug-28-24,01:16PM,labor day sales the best products to buy this weekend
AMZN,Aug-28-24,12:50PM,top stock movers now super micro computer jm smucker nvidia and more
AMZN,Aug-28-24,12:18PM,amazon focuses labor day sales event on backtoschool shoppers
AMZN,Aug-28-24,08:14AM,analyst companies like amazoncom amzn now getting little bit of a bang on their ai spending
AMZN,Aug-28-24,07:25AM,these are warren buffetts favorite artificial intelligence ai stocks
AMZN,Aug-28-24,06:55AM,prediction these will be the 3 largest artificial intelligence ai companies by 2035
AMZN,Aug-28-24,06:30AM,prediction this unstoppable hypergrowth company will be the first 10 trillion stock hint its not nvidia
AMZN,Aug-28-24,05:06AM,warren buffett once had 189 billion invested in 4 artificial intelligence ai stocks hes now slashed this stake by roughly 50
AMZN,Aug-27-24,06:22PM,kelce brothers podcast privateequity vote latest in the nfl
AMZN,Aug-27-24,05:52PM,analysts are recommending these 10 ai stocks
AMZN,Aug-27-24,05:35PM,walmart unveils new marketplace seller services for holiday boost
AMZN,Aug-27-24,05:17PM,apollo blackrock in talks to help amazon aggregators merge
AMZN,Aug-27-24,04:52PM,who are nvidias biggest competitors
AMZN,Aug-27-24,01:07PM,walmart to offer logistics outside its own marketplace sales
AMZN,Aug-27-24,12:48PM,amazon opens first wildfire support facility
AMZN,Aug-27-24,12:33PM,jim cramer says amazoncom inc amzn is worth buying into weakness
AMZN,Aug-27-24,11:28AM,how the walmartamazon rivalry encapsulates the fortune 500s biggest trends
AMZN,Aug-27-24,11:20AM,amazoncom inc amzn trending ai stock on latest analyst ratings and news
AMZN,Aug-27-24,10:00AM,the hottest sectors in climate tech follow the vc money
AMZN,Aug-27-24,09:00AM,investors heavily search amazoncom inc amzn here is what you need to know
AMZN,Aug-27-24,09:00AM,kelce brothers sign amazon new heights podcast deal worth more than 100 million
AMZN,Aug-27-24,08:02AM,pfizer joining lilly enters the directtoconsumer market with a telehealth and prescription platform
AMZN,Aug-27-24,08:00AM,if you dont own nvidia stock you are missing a revolution tech investor says
AMZN,Aug-27-24,07:25AM,watch these pdd stock price levels after temu parent plummets on revenue miss
AMZN,Aug-27-24,02:55AM,amazon rolls out ai shopping assistant in india nearly a year behind walmartbacked flipkart
AMZN,Aug-26-24,08:24PM,stocksplit watch 3 top stocks that look ready to split
AMZN,Aug-26-24,04:37PM,pdd stock dives on revenue miss temu parent says competition intensifying
AMZN,Aug-26-24,04:12PM,krogeralbertsons deal heads to court with food price focus
AMZN,Aug-26-24,04:08PM,amazon offers sellers new refund resale options for returned items
AMZN,Aug-26-24,03:20PM,markets cheered fed chair powells big speech how will they react to nvidia earnings
AMZN,Aug-26-24,02:05PM,amazoncom inc amzn the best technology stock to buy for long term
AMZN,Aug-26-24,01:52PM,15 trending ai stocks on latest analyst ratings and news
AMZN,Aug-26-24,12:56PM,harris trump and the future of corporate taxes
AMZN,Aug-26-24,11:09AM,is amazon stock a buy tech giant seeks rebound after q2 earnings selloff
AMZN,Aug-26-24,10:00AM,amazon still attractive after earnings
AMZN,Aug-26-24,10:00AM,2 nobrainer billionaireowned stocks to buy right now
AMZN,Aug-26-24,08:13AM,amazoncom inc amzn the best among the american stocks to buy for foreign investors
AMZN,Aug-26-24,04:37AM,the best warren buffett stocks to buy with 1000 right now
AMZN,Aug-26-24,03:32AM,prediction this is what will finally end nvidias monster stock gains
AMZN,Aug-26-24,03:12AM,prediction 2 stocks that will be worth more than apple 5 years from now
AMZN,Aug-25-24,10:42PM,sea cloud freeforall intensifies as aws expands new malaysia region
AMZN,Aug-25-24,12:00PM,collect rent from jeff bezos amazon with these 3 stocks
AMZN,Aug-25-24,10:43AM,nvidia earnings highlight a busy end of august what to know this week
AMZN,Aug-25-24,10:32AM,ais insatiable energy demand is going nuclear
AMZN,Aug-25-24,07:55AM,ai uses a lot of energy how big tech is trying to fix it
AMZN,Aug-25-24,07:28AM,4 ai terms nvidia investors should know
AMZN,Aug-25-24,07:20AM,3 reasons to buy mercadolibre stock like theres no tomorrow
AMZN,Aug-25-24,06:43AM,billionaire philippe laffont bought these 2 magnificent seven stocks should you
AMZN,Aug-25-24,06:30AM,prediction 2 growth stocks that will be worth more than microsoft in 5 years
AMZN,Aug-25-24,05:50AM,a onceinadecade opportunity buy this magnificent highyield dividend stock thats down 45
AMZN,Aug-25-24,05:12AM,a onceinadecade investment opportunity 2 artificial intelligence ai stocks to buy now
META,Aug-31-24,08:00AM,sp 500 giants meta eli lilly lead 5 stocks near buy points
META,Aug-31-24,04:45AM,should you buy the only magnificent seven stock that is cheaper than the sp 500 according to this key metric
META,Aug-30-24,04:38PM,what you need to know ahead of broadcoms earnings report
META,Aug-30-24,03:36PM,meta platforms inc nasdaqmeta harnessing geothermal for ai data centers
META,Aug-30-24,12:53PM,trump warns mark zuckerberg could spend the rest of his life in prison
META,Aug-30-24,11:31AM,why is meta platforms meta up 41 since last earnings report
META,Aug-30-24,11:26AM,helix energy solutions group inc hlx the best small cap ai stock to buy according to short sellers
META,Aug-30-24,11:23AM,bigbearai holdings inc bbai the best small cap ai stock to buy according to short sellers
META,Aug-30-24,11:20AM,evolv technology evlv the best small cap ai stock to buy according to short sellers
META,Aug-30-24,11:17AM,innodata inc inod the best small cap ai stock to buy according to short sellers
META,Aug-30-24,11:13AM,serve robotics inc serv the best small cap ai stock to buy according to short sellers
META,Aug-30-24,11:09AM,fastly inc fsly the best small cap ai stock to buy according to short sellers
META,Aug-30-24,11:07AM,soundhound ai soun the best small cap ai stock to buy according to short sellers
META,Aug-30-24,11:04AM,lemonade lmnd the best small cap ai stock to buy according to short sellers
META,Aug-30-24,05:30AM,power doesnt always mean profit what builders of digital ecosystems can learn from the metaverse
META,Aug-30-24,05:02AM,forget nvidia billionaire daniel loeb has 31 of his 87 billion portfolio in just 4 unstoppable artificial intelligence ai stocks instead
META,Aug-30-24,01:46AM,insider sale chief legal officer of meta platforms inc meta sells shares
META,Aug-29-24,08:49PM,7 best fast money stocks to buy according to hedge funds
META,Aug-29-24,05:45PM,meta platforms meta stock moves 028 what you should know
META,Aug-29-24,03:15PM,nvidia investors shouldve sold the stock a month ago strategist says
META,Aug-29-24,02:34PM,controversial california bill to prevent ai disasters heads to newsom despite pushback from big tech
META,Aug-29-24,02:00PM,magnificent seven stocks nvidia stock slides on earnings apple eyes buy point
META,Aug-29-24,12:01PM,how meta platforms inc nasdaqmeta will deliver 20 return in 12 months
META,Aug-29-24,11:27AM,meta platforms inc meta a beginner stock you should check out
META,Aug-29-24,10:21AM,the biggest challenge for nvidia stock in one chart
META,Aug-29-24,09:10AM,is meta stock a buy as it hovers near key level
META,Aug-29-24,05:30AM,nvidia cant escape shadow of ai spending fears
META,Aug-28-24,04:16PM,hp prints an earnings miss ceo weighs in on ai pcs and cost cuts
META,Aug-28-24,04:03PM,forget amazon and tesla this nonmagnificent seven stock dwarfs their gains
META,Aug-28-24,03:12PM,meta considers new mixed reality glasses as headsets alternative the information reports
META,Aug-28-24,12:50PM,top stock movers now super micro computer jm smucker nvidia and more
META,Aug-28-24,12:07PM,meta faces 36 million fine in brazil for allowing bogus havan ads
META,Aug-28-24,11:39AM,mark zuckerbergs push for efficiency is upending metas ambitions in augmented reality
META,Aug-28-24,08:45AM,some billionaires are selling meta platforms inc nasdaqmeta shares
META,Aug-28-24,08:12AM,analyst says meta platforms meta ai monetization is growing rapidly
META,Aug-27-24,10:49PM,mark zuckerbergs electionseason gift to republicans
META,Aug-27-24,05:52PM,analysts are recommending these 10 ai stocks
META,Aug-27-24,05:39PM,meta has abandoned efforts to make custom chips for its upcoming ar glasses
META,Aug-27-24,04:52PM,who are nvidias biggest competitors
META,Aug-27-24,04:31PM,meta shuttering augmented reality studio amid pivot to ai
META,Aug-27-24,04:01PM,mark zuckerberg says white house pressured meta to censor covid19 content
META,Aug-27-24,02:00PM,how zuckerberg censored covid on facebook
META,Aug-27-24,02:00PM,how nick clegg and mark zuckerberg bowed to covid censorship
META,Aug-27-24,12:52PM,meta to shut augmented reality studio used by thirdparty creators
META,Aug-27-24,12:00PM,meta ceo says company was pressured by  biden admin to censor covid19 content
META,Aug-27-24,11:58AM,metas mark zuckerberg blasts us government for efforts to censor content
META,Aug-27-24,11:42AM,zuckerberg says white house pressured meta on covid content
META,Aug-27-24,11:17AM,meta platforms inc meta trending ai stock on latest analyst ratings and news
META,Aug-27-24,10:31AM,zuckerberg says hes ready to push back against white house pressure over content
META,Aug-27-24,09:00AM,meta platforms inc meta is a trending stock facts to know before betting on it
META,Aug-27-24,09:00AM,mark zuckerberg has some regrets about how meta handled the pandemic
META,Aug-27-24,08:50AM,mark zuckerberg says white house was wrong to pressure facebook on covid
META,Aug-27-24,08:00AM,if you dont own nvidia stock you are missing a revolution says tech investor
META,Aug-27-24,07:34AM,mark zuckerberg says meta was pressured by biden administration to censor covidrelated content in 2021
META,Aug-27-24,07:11AM,zuckerberg says the white house pressured facebook over some covid19 content during the pandemic
META,Aug-27-24,06:45AM,zuckerberg blasts biden administration for pressuring meta to censor covid content
META,Aug-27-24,05:46AM,prediction 3 artificial intelligence ai stocks that will be worth more than nvidia in 3 years
META,Aug-27-24,03:48AM,zuckerberg says biden administration pressured meta to censor covid19 content
META,Aug-27-24,03:48AM,zuckerberg says biden admin pressured meta to censor covid19 content
META,Aug-27-24,03:24AM,should you invest in meta platforms meta
META,Aug-26-24,09:52PM,zuckerberg says white house pressured meta to pull covid posts
META,Aug-26-24,08:08PM,googleparent alphabet is unexpectedly one of famed fund managers top value stocks
META,Aug-26-24,06:29PM,mark zuckerberg says goal is to be neutral on politics
META,Aug-26-24,05:42PM,california ai bill sparks debate in silicon valley as some tech giants call it a threat to innovation
META,Aug-26-24,04:13PM,apple likely to pivot to smart glasses from vision pro
META,Aug-26-24,01:53PM,meta platforms inc meta a good technology stock to buy for long term
META,Aug-26-24,01:52PM,15 trending ai stocks on latest analyst ratings and news
META,Aug-26-24,01:08PM,meta strikes geothermal energy deal with sage geosystems to power data centers
META,Aug-26-24,01:08PM,meta platforms strikes geothermal energy deal to power us data centers
META,Aug-26-24,11:48AM,meta stock still faces a drag from metaverse losses that could change soon
META,Aug-26-24,08:04AM,meta platforms inc meta among the best american stocks to buy for foreign investors
META,Aug-26-24,07:45AM,should you buy nvidia before aug 28 heres what the billionaire ceos are saying
META,Aug-26-24,06:15AM,better artificial intelligence stock alphabet vs meta platforms
META,Aug-26-24,04:50AM,prediction nvidia stock will soar after aug 28 because of these 3 key factors
META,Aug-26-24,04:48AM,penny a minute voice bots help india startups vie with openai
META,Aug-25-24,11:43AM,2 tech stocks you can buy and hold for the next decade
META,Aug-25-24,10:43AM,nvidia earnings highlight a busy end of august what to know this week
META,Aug-25-24,10:32AM,ais insatiable energy demand is going nuclear
META,Aug-25-24,07:55AM,ai uses a lot of energy how big tech is trying to fix it
META,Aug-25-24,07:28AM,4 ai terms nvidia investors should know
META,Aug-25-24,06:30AM,3 risks investors should understand before buying trump media stock
META,Aug-25-24,05:20AM,42 of americans say social security is their top financial priority in the 2024 election heres what harris and trump both have to say on the topic
META,Aug-24-24,02:33PM,analyst ai helped broadcom avgo cover up some nastiness in core business
META,Aug-24-24,02:24PM,will alphabet goog ai phones crush apples ai plans
META,Aug-24-24,02:22PM,this analyst says nvidia corp nasdaqnvda will crush it with earnings
META,Aug-24-24,11:05AM,meet the supercharged growth stock that could join apple microsoft and nvidia in the 3 trillion club by 2031
META,Aug-24-24,10:55AM,ai investing explained keywords to know
META,Aug-24-24,10:49AM,nvidia earnings absolutely key to the ai infrastructure trade
META,Aug-24-24,08:00AM,meta stock leads 5 names near buy points as market bounces
META,Aug-23-24,10:14PM,10 best american stocks to buy for foreign investors
META,Aug-23-24,09:27PM,10 best dividend paying stocks to buy according to quant hedge fund aqr
META,Aug-23-24,06:30PM,all eyes on nvidias numbers
META,Aug-23-24,06:01PM,iranian hackers targeted whatsapp accounts of staffers in biden trump administrations meta says
META,Aug-23-24,06:00PM,openai taps former meta executive to head strategic initiatives
META,Aug-23-24,04:08PM,mag 7 stock teases breakout ahead of pivotal nvidia earnings
META,Aug-23-24,02:45PM,arevon and meta work together on longterm indiana solar project
META,Aug-23-24,01:44PM,meta spotify ceos take aim at european ai regulations
META,Aug-23-24,12:43PM,magnificent seven leader meta stock netflix 2 others in ibd 50 close to buy points
META,Aug-23-24,11:27AM,meta cancels plans for highend mixedreality headset the information reports
META,Aug-23-24,11:00AM,alphabet and meta platforms just sent a major warning to nvidia shareholders
NVDA,Aug-31-24,09:13AM,kohls corporation kss jim cramers goto stock for success
NVDA,Aug-31-24,09:12AM,nordstrom inc jwn jim cramers goto stock for success
NVDA,Aug-31-24,09:11AM,rivian automotive inc rivn jim cramers goto stock for success
NVDA,Aug-31-24,09:11AM,builders firstsource inc bldr jim cramers goto stock for success
NVDA,Aug-31-24,06:10AM,will tsmc be worth more than apple by 2030
NVDA,Aug-31-24,06:00AM,forget amd 2 tech stocks to buy instead
NVDA,Aug-31-24,05:50AM,prediction this will be bitcoins next big move
NVDA,Aug-31-24,05:30AM,thinking of selling nvidia stock this larry page quote may change your mind
NVDA,Aug-31-24,05:15AM,3 incredible faang stocks youll want to consider adding to your portfolio in september
NVDA,Aug-31-24,05:12AM,this warren buffett stock just joined apple microsoft and nvidia in the 1 trillion club
NVDA,Aug-31-24,04:45AM,should you buy the only magnificent seven stock that is cheaper than the sp 500 according to this key metric
NVDA,Aug-31-24,04:41AM,nvidias 50 billion share buyback is an epically bad decision that sends the wrong message to wall street and investors
NVDA,Aug-31-24,04:00AM,nvidias incredible rise has been powered by 3 crucial but overlooked factors
NVDA,Aug-31-24,03:24AM,1 stock that has skyrocketed more than nvidia since the start of 2023 is it too late to buy
NVDA,Aug-30-24,08:19PM,vertex pharmaceutical inc vrtx jim cramers goto stock for success
NVDA,Aug-30-24,07:29PM,15 best places in texas for a couple to live on only social security
NVDA,Aug-30-24,07:03PM,16 largest senior living companies in the usa in 2024
NVDA,Aug-30-24,06:38PM,iren ceo were running bitcoin mining machines right next to nvidia chips training ai models
NVDA,Aug-30-24,06:36PM,foot locker inc fl jim cramers goto stock for success
NVDA,Aug-30-24,06:20PM,sumitomo mitsui financial group inc smfg one of the best affordable stocks under 40 according to short sellers
NVDA,Aug-30-24,06:17PM,barclays plc bcs one of the best affordable stocks under 40 according to short sellers
NVDA,Aug-30-24,06:13PM,ubs group ag ubs one of the best affordable stocks under 40 according to short sellers
NVDA,Aug-30-24,05:57PM,us stock rally broadens as investors await fed
NVDA,Aug-30-24,05:49PM,genmab as gmab one of the best affordable stocks under 40 according to short sellers
NVDA,Aug-30-24,05:46PM,cenovus energy inc cve one of the best affordable stocks under 40 according to short sellers
NVDA,Aug-30-24,05:41PM,energy transfer lp et one of the best affordable stocks under 40 according to short sellers
NVDA,Aug-30-24,05:08PM,stocks to watch in september
NVDA,Aug-30-24,05:06PM,the score nvidia super micro computer dollar general and more stocks that defined the week
NVDA,Aug-30-24,05:02PM,trading on technicals in sectors like tech retail biotech
NVDA,Aug-30-24,05:00PM,is taiwan semiconductor manufacturing a millionairemaker stock
NVDA,Aug-30-24,04:40PM,these stocks moved the most today intel super micro dell nvidia marvell ulta beauty mongodb elastic and more
NVDA,Aug-30-24,04:36PM,heard on the street dell shows ai isnt a loss leader
NVDA,Aug-30-24,04:22PM,expect profit taking before  after fed rate cuts strategist
NVDA,Aug-30-24,04:00PM,this mag 7 stock is ripe for a breakout as nvidia clings to support
NVDA,Aug-30-24,03:02PM,nvidia keeps winning its not enough for wall street
NVDA,Aug-30-24,02:25PM,these stocks are moving the most today intel super micro dell nvidia marvell ulta beauty mongodb elastic and more
NVDA,Aug-30-24,02:11PM,nvidia selloff sets up a buythedip chip trade why the sp 500 could hit 6000 by year end
NVDA,Aug-30-24,01:51PM,nvidia is no longer perfect but these 18 stocks are still golden
NVDA,Aug-30-24,01:17PM,nvidias ai stock boom has got to end big tech could kill it
NVDA,Aug-30-24,01:11PM,theres not an nvidia competitor on the horizon says former softbank president sama
NVDA,Aug-30-24,01:00PM,why a cooling of the nvidia party might be no bad thing for us stocks
NVDA,Aug-30-24,12:56PM,apple and nvidia could be openais next big investors
NVDA,Aug-30-24,12:53PM,these stocks are moving the most today
NVDA,Aug-30-24,12:51PM,super micros red flags are stop sign for cautious dip buyers
NVDA,Aug-30-24,12:11PM,nvidia selloff shows good news was priced in
NVDA,Aug-30-24,12:08PM,nvidia tries to hold key level after earnings sell off but is it a buy now
NVDA,Aug-30-24,12:05PM,nvidia continues to lead the way but competition is intensifying
NVDA,Aug-30-24,11:53AM,stock market rally mixed dow jones hits high while nvidia tumbles on earnings weekly review
NVDA,Aug-30-24,11:38AM,nvidia stock is rising wall street says buy the earnings dip
NVDA,Aug-30-24,11:26AM,helix energy solutions group inc hlx the best small cap ai stock to buy according to short sellers
NVDA,Aug-30-24,11:23AM,bigbearai holdings inc bbai the best small cap ai stock to buy according to short sellers
NVDA,Aug-30-24,11:22AM,wall street grows weary of ai but big tech is still all in
NVDA,Aug-30-24,11:20AM,evolv technology evlv the best small cap ai stock to buy according to short sellers
NVDA,Aug-30-24,11:17AM,innodata inc inod the best small cap ai stock to buy according to short sellers
NVDA,Aug-30-24,11:13AM,serve robotics inc serv the best small cap ai stock to buy according to short sellers
NVDA,Aug-30-24,11:09AM,fastly inc fsly the best small cap ai stock to buy according to short sellers
NVDA,Aug-30-24,11:07AM,soundhound ai soun the best small cap ai stock to buy according to short sellers
NVDA,Aug-30-24,11:04AM,lemonade lmnd the best small cap ai stock to buy according to short sellers
NVDA,Aug-30-24,11:01AM,veteran fund manager unveils startling nvidia stock forecast
NVDA,Aug-30-24,10:39AM,the thrill of ai is fading  and wall street is getting a little more cleareyed about its actual value
NVDA,Aug-30-24,10:34AM,nvidia apple reportedly in talks to invest in openai
NVDA,Aug-30-24,10:31AM,everything is rallying that includes nvidia
NVDA,Aug-30-24,10:03AM,ready to retire on a single magnificent 7 stock poll reveals top pick and its not apple
NVDA,Aug-30-24,09:46AM,openai funding round tempts nvidia as big tech leans on chatgpt
NVDA,Aug-30-24,09:31AM,ul solutions inc nyseuls a bull case theory
NVDA,Aug-30-24,09:30AM,as nvidia serves up a giant cookie wall street asks for milk
NVDA,Aug-30-24,09:23AM,2 artificial intelligence ai stocks to buy hand over fist in august
NVDA,Aug-30-24,09:03AM,how nvidia is building a competitive moat to fend off ai challengers
NVDA,Aug-30-24,09:02AM,qualcomm and 3 other ai stocks worth considering beyond nvidia
NVDA,Aug-30-24,08:34AM,wall street may be getting a little bored of ai
NVDA,Aug-30-24,08:33AM,do you believe the end market tailwinds will drive sterling infrastructure strl for continued growth
NVDA,Aug-30-24,08:33AM,a shortseller tanks super micro stock the ai highflier has bigger problems
NVDA,Aug-30-24,08:32AM,is terawulf inc wulf the best bitcoin and blockchain stock to buy according to analysts
NVDA,Aug-30-24,08:30AM,nvidia and apple want in on openai
NVDA,Aug-30-24,08:30AM,is bit digital inc btbt the best bitcoin and blockchain stock to buy according to analysts
NVDA,Aug-30-24,08:28AM,is bitfarms ltd bitf the best bitcoin and blockchain stock to buy according to analysts
NVDA,Aug-30-24,08:15AM,intel rises as report of chipmaker exploring options stokes investor enthusiasm
NVDA,Aug-30-24,08:00AM,heres my top ai growth stock to buy right now
NVDA,Aug-30-24,08:00AM,can broadcom marvell move deeper into the ai chip trade
NVDA,Aug-30-24,07:50AM,ai stocks tech giants cloud titans face show me moment
NVDA,Aug-30-24,07:33AM,nvidia stock seen as a bargain wall street has faith in ai boom thats driven markets
NVDA,Aug-30-24,07:33AM,why artificial intelligence ai stock ambarella was marching higher this week
NVDA,Aug-30-24,07:11AM,want to buy the nvidia dip here are 2 etfs you should take a look at
NVDA,Aug-30-24,07:03AM,fed soft landing plans in focus amid consumer slowdown what retail earnings revealed
NVDA,Aug-30-24,06:30AM,nvidia 1 stellar reason to buy the latest dip
NVDA,Aug-30-24,06:30AM,could broadcom duplicate nvidias performance as a premiere artificial intelligence ai stock
NVDA,Aug-30-24,06:00AM,nvidias stumble is hardly a reckoning of ai spending morning brief
NVDA,Aug-30-24,05:45AM,nvidia stock seen as a bargain the case to buy shares rising
NVDA,Aug-30-24,05:15AM,2 stocksplit ai stocks up 455 and 1150 in 3 years to buy now according to wall street
NVDA,Aug-30-24,05:10AM,this stock just joined apple nvidia and microsoft in the 1 trillion club  and is the first of its kind to do so
NVDA,Aug-30-24,05:02AM,forget nvidia billionaire daniel loeb has 31 of his 87 billion portfolio in just 4 unstoppable artificial intelligence ai stocks instead
NVDA,Aug-30-24,04:51AM,heres why nvidias new 50 billion buyback may bolster the bear case for the stock
NVDA,Aug-30-24,04:47AM,investing in artificial intelligence ai stocks can be risky but heres a fantastic way to do it
NVDA,Aug-30-24,04:46AM,forget the nasdaq  buy this magnificent etf instead
NVDA,Aug-30-24,04:30AM,2 ai stocks to buy before its too late
NVDA,Aug-30-24,04:05AM,forget nvidia could this be the most underrated ai stock to buy right now
NVDA,Aug-30-24,03:34AM,nvidias stock has peaked and 1 undertheradar performance metric proves it
NVDA,Aug-30-24,02:00AM,the stock market is in the homestretch of 2024 its time to buckle up and branch out
NVDA,Aug-30-24,12:13AM,nvidias future relies on chips that push technologys limits
NVDA,Aug-29-24,10:39PM,timely blackwell shipments ease hbm supplier concerns
